<?xml version="1.0" encoding="UTF-8"?>
<build-type xmlns:xsi="http://www.w3.org/2001/XMLSchema-instance" uuid="d01e180a-8074-4d3a-93f2-4e802c87415f" xsi:noNamespaceSchemaLocation="http://www.jetbrains.com/teamcity/schemas/10.0/project-config.xsd">
  <name>Build</name>
  <description />
  <settings>
    <parameters />
    <build-runners>
      <runner id="RUNNER_1" name="" type="Ant">
        <parameters>
          <param name="build-file-path" value="build.xml" />
          <param name="target" value="build" />
          <param name="teamcity.step.mode" value="default" />
        </parameters>
      </runner>
    </build-runners>
    <vcs-settings>
      <vcs-entry-ref root-id="SymfonyCiDockerSample_HttpsGithubComMustafaileriSymfonyCiDockerSampleRefsHeadsMa" />
    </vcs-settings>
    <requirements />
    <build-triggers>
      <build-trigger id="vcsTrigger" type="vcsTrigger">
        <parameters>
          <param name="branchFilter" value="+:*" />
          <param name="quietPeriodMode" value="DO_NOT_USE" />
        </parameters>
      </build-trigger>
    </build-triggers>
    <build-extensions>
      <extension id="BUILD_EXT_1" type="xml-report-plugin">
        <parameters>
          <param name="xmlReportParsing.reportDirs" value="test-reports/**" />
          <param name="xmlReportParsing.reportType" value="junit" />
        </parameters>
      </extension>
    </build-extensions>
    <cleanup />
  </settings>
</build-type>

